simulated_date,vehicle_id,fuel_cost,maintenance_cost,total_expense,distance_covered_km,service_flag,generated_at
2026-09-29,VEH-101,30.62,22.98,53.6,188.0,NORMAL,2026-09-25T06:16:45.179324+00:00
2026-09-29,VEH-102,29.54,14.48,44.02,166.06,NORMAL,2026-09-25T06:16:45.179324+00:00
2026-09-29,VEH-103,36.21,18.33,54.54,204.49,NORMAL,2026-09-25T06:16:45.179324+00:00
2026-09-29,VEH-104,26.62,13.67,40.29,126.79,NORMAL,2026-09-25T06:16:45.179324+00:00
2026-09-29,VEH-105,37.31,11.83,49.14,188.0,NORMAL,2026-09-25T06:16:45.179324+00:00
2026-09-29,VEH-106,44.9,122.77,167.67,221.87,ENGINE_TUNE,2026-09-25T06:16:45.179324+00:00
2026-09-29,VEH-107,34.42,16.06,50.48,194.38,NORMAL,2026-09-25T06:16:45.179324+00:00
2026-09-29,VEH-108,61.7,17.04,78.74,308.46,NORMAL,2026-09-25T06:16:45.179324+00:00
2026-09-29,VEH-109,28.35,23.0,51.35,166.82,NORMAL,2026-09-25T06:16:45.179324+00:00
2026-09-29,VEH-110,39.33,21.01,60.34,255.18,NORMAL,2026-09-25T06:16:45.179324+00:00
2026-09-29,VEH-111,30.07,22.38,52.45,196.32,NORMAL,2026-09-25T06:16:45.179324+00:00
2026-09-29,VEH-112,50.61,20.67,71.28,311.1,NORMAL,2026-09-25T06:16:45.179324+00:00
2026-09-29,VEH-113,58.78,155.21,213.99,289.21,ENGINE_TUNE,2026-09-25T06:16:45.179324+00:00
2026-09-29,VEH-114,39.09,103.54,142.63,192.66,TIRE_REPLACE,2026-09-25T06:16:45.179324+00:00
2026-09-29,VEH-115,36.59,11.3,47.89,208.14,NORMAL,2026-09-25T06:16:45.179324+00:00
2026-09-29,VEH-116,50.48,15.86,66.34,237.06,NORMAL,2026-09-25T06:16:45.179324+00:00
2026-09-29,VEH-117,46.92,97.69,144.61,259.1,ENGINE_TUNE,2026-09-25T06:16:45.179324+00:00
2026-09-29,VEH-118,62.27,7.14,69.41,287.01,NORMAL,2026-09-25T06:16:45.179324+00:00
2026-09-29,VEH-119,37.58,15.76,53.34,177.92,NORMAL,2026-09-25T06:16:45.179324+00:00
2026-09-29,VEH-120,28.45,134.51,162.96,164.27,TIRE_REPLACE,2026-09-25T06:16:45.179324+00:00
2026-09-29,VEH-121,38.03,13.82,51.85,181.42,NORMAL,2026-09-25T06:16:45.179324+00:00
2026-09-29,VEH-122,56.4,139.29,195.69,280.32,BRAKE_SERVICE,2026-09-25T06:16:45.179324+00:00
2026-09-29,VEH-123,61.63,18.85,80.48,311.18,NORMAL,2026-09-25T06:16:45.179324+00:00
2026-09-29,VEH-124,17.24,15.37,32.61,104.12,NORMAL,2026-09-25T06:16:45.179324+00:00
2026-09-29,VEH-125,41.2,13.05,54.25,192.5,NORMAL,2026-09-25T06:16:45.179324+00:00
